Region,Partner Name,Trade Flow,1989,1990,1991,1992,1993,1994,1995,1996,1997,1998,1999,2000,2001,2002,2003,2004,2005,2006,2007,2008,2009,2010,2011,2012,2013,2014,2015,2016,2017,2018,2019,2020,,,
East Asia & Pacific,United States,Import,92250820.13,101595567.2,106856709.4,117871353.6,136460350.1,160477157.2,197436722.8,216390553,212826804,181342578.8,187212713.4,207198599.8,188727627.2,185989534.4,199939998.9,227586920.5,242486440.7,271343672.5,295453948,332377707.6,275808450.2,346252893.1,402844916.4,415715581.7,425336820.4,434914016.2,405148513,383653480.1,430337808.8,466755486.2,436537739.9,416860597.1,,,
East Asia & Pacific,Japan,Import,54670810.86,61954576.95,70421282.94,86023643.95,127773545.1,150756247.5,179553859.9,177454805.3,168972881.4,127599606.5,143503878.1,180737818.5,160818310.6,176871253.1,215578266,265931835.5,280648817.3,300608750.6,338162666.9,382437159,310167968.9,419562678.1,457142679.2,444576991.5,400496243.3,385547989.6,342479710,350933866,389873484.8,415568481.7,385977133.3,372894732,,,
East Asia & Pacific,Germany,Import,19362201.82,24305567.77,25010850.67,29665221.68,35024681.77,42365962.67,51301562.97,53589562.75,48437343.39,40408686.44,41228699.39,47262522.94,51075762.72,55676404.82,71501233.57,85759213.13,90013099.24,101698656.1,118498094.3,136459515,122938844.9,153132764.7,185151171.1,187849086.6,192333519.3,204914813.7,177118739.6,174503479.8,191156743.7,208476161.3,203135079.4,193864954.6,,,
East Asia & Pacific,"Korea, Rep.",Import,17496661.13,17312858.57,19363945.64,22767430.32,32971757.78,39944124.33,53123939.36,56859524.16,57961329.29,51209125.82,58459192.77,75198294.48,68542930.09,75332005.39,96430579.84,127481120.3,146831439.8,172120662.9,190708913.7,213946244.9,185780438.1,250373266,303419071.9,319014255.7,333927809.2,340101571.8,311897948.4,298654253.9,354246808.5,387427888.2,338839597.5,337853605.7,,,
East Asia & Pacific,Australia,Import,18805585.92,20912587.61,22338817.94,23805008.53,26544482.06,30208560.45,34262643.44,38900067.55,38786530.13,31778581.41,32734219.93,40169505.55,39819459.62,40212312.39,43673499.95,57274231.6,71083104.57,81998056.01,95439276.33,132892635.2,113276375,156047533.9,204851524.1,205733551.3,212138691.6,210097648,157086993.7,148368833,192822766.2,214065733,225586930.1,203949972.8,,,
East Asia & Pacific,China,Import,17106672.14,19036973.29,24544693.63,28225409.72,84592489.65,104160983.3,126272539.1,137687760.6,148150607.6,134020431.8,148548967.7,192529092.6,194865051.3,222066146.5,269391091.4,345527123,419878429.5,495832226.3,574697556.1,643422249.4,555482777.9,701023135.5,823988768.4,898246409.2,941085672.9,957544755.7,930771836.7,903585823.8,971458790.2,1072625369,1043950155,1024053347,,,
East Asia & Pacific,Malaysia,Import,14825111.64,17313104.08,20671855.52,22899674.42,29934072.44,35649346.91,43543608.36,48036101.19,48934564.01,39438885.62,45396997.33,62574713.56,57214762.42,60768499.61,70109841.95,86354499.92,95492721.1,107188278.2,125938078.9,145688006.4,119883121.4,166323044,195054679.4,197021172.7,198747854.1,193657294.4,166904580,154248210.4,178350989.5,206402992.8,204671314.7,201384919.7,,,
East Asia & Pacific,Singapore,Import,10776523.96,13586257.21,15984536.85,18597547.86,27192783.69,32737129.91,40740967.5,45516750.89,44929499.01,35576823.14,39079194.74,51844086.98,46499397.17,50394983.4,58883042.54,74628404.39,91592591.66,105680223.4,116684775.5,141755036.9,109431016.7,140976304,170919430.5,175903657.6,168842705,176060986.4,149002159.7,134927528.4,159696649.8,173590648.3,158633993.9,148237294.2,,,
East Asia & Pacific,Thailand,Import,6561474.43,7568581.53,9579161.16,11649131.84,14813346.39,19467662.04,25439880.08,28874306.57,29055572.47,24343476.12,26804949.93,35052050.07,34338254.26,36885101.71,45035882.17,56570408.87,65782616.7,77048859.61,89728549.74,107200772.4,93072280.42,123608552,138999545.6,138594895.8,138352088.7,138847578.1,133758145.6,138107555.6,150161484.5,164588367.1,159399543.1,149118204.1,,,
East Asia & Pacific,Vietnam,Import,472821.88,786209.26,992730.81,1516988.99,2157589.7,2699246.21,3416349.11,4132956.85,4806016.14,4511307.44,5503196.95,7664083.77,7575813.74,7880879.57,9654083.09,12980267.99,16305878.18,19178420.78,22921353.73,30392664.89,26375566.47,32804775.05,45117193.52,60922273.4,64905187.42,71876053.82,83905868.19,96196546.8,119947290.9,143146252.1,147903960,165575725.2,,,
East Asia & Pacific,United States,Export,141223196.5,139618134.6,142415731.5,160628943.8,215109749.7,246852093.5,267062856.6,266289117.2,285311483.8,295721491.6,320837632.9,369564962.3,329059246.1,347567254,371361211.9,437840061.2,492411500.4,561802978.6,591006114.4,602869632.2,483888437.8,608592516,671667057.4,719298778.9,734706833.1,779657779.5,792163628.4,770006719.9,832435059.1,915271693.3,870350873.8,915846044.3,,,
East Asia & Pacific,Japan,Export,44609037.55,48117964.78,51281318.43,63004255.77,76156486.07,90121137.89,109438338.8,117684311.6,115934343.8,97752690.26,110170146.8,144041938.3,139986957.6,138964333.5,160094835.1,195412712.1,218242836.9,243705192.2,261952310.6,311920198.9,243838235.8,311571502.1,389890252.6,390112171.9,359435977.1,365120297.7,311499055.1,293172752.5,312729798,353003359.7,337650700.4,317146382,,,
East Asia & Pacific,Germany,Export,22898145.22,26865290.4,31094039.59,33590823.87,41152046.59,43360562.22,50153770.67,47832609.14,47776284.37,48138200.05,47936218.16,55404314.5,48997885.21,48771261.65,60481879.83,76185743.32,88284895.49,100235986.6,114849977.6,129642963.9,105095328.9,134398991,149364043.9,134510992.3,131526246.5,137252086.8,129101767.6,127416828.2,140699011.8,152378351.2,149689871.2,153311552.8,,,
East Asia & Pacific,Singapore,Export,20337439.62,24723671.53,30008273.62,36938296.49,46110239.01,55807496.83,67781223.65,67118173.8,67796932.4,53748665.15,59157523.4,75444506.1,60743419.78,63006915.18,66990998.89,80914220.54,94061035.98,109778755.3,125625448.2,145866507.1,120012822.8,144944269.3,165277706.3,170351817.7,171610798.4,179281486.6,159460338.8,145572242.9,155493558.6,170569066.8,170623089.7,171004602.8,,,
East Asia & Pacific,China,Export,13508307,10811452.7,13888897.48,19789034.49,72543065.37,82871017.97,99462639.33,107593689.9,114485307.3,103574743.8,108692416.2,139349184.7,141122677.9,170132747.8,226126795.3,289591048.7,338913541,396172410.3,461851279.6,512472208.2,478514406.6,647231295.9,766105157.9,787579601.6,849459228.1,821471179.8,751011007.2,738178649.2,842349681.2,925418156.3,889683073.6,913759574.8,,,
East Asia & Pacific,Thailand,Export,11418962.2,15331876.69,16438521.72,19676116.69,23301371.25,28306333.8,37366588.33,37303084.71,32070072.01,22639189.74,26457837.79,33057982.43,31143675.49,34920371.49,40743345.17,52554891.21,61372525.27,68920139.92,76835974.4,90211409.8,72020760.53,106498861.5,125562566.1,138590622,134499947.1,131025654.6,126814297.5,124043295.6,139096223.2,153991503.3,147643218.7,137814409.1,,,
East Asia & Pacific,Malaysia,Export,12298606.7,14681430.27,19398596.7,20096973.22,25784219.81,38648351.95,49444569.54,50931318.92,50768862.99,37955263.67,42958928.94,55029980.54,47242279.43,51649007.45,57392284.66,67978067.41,75601560.3,87845267.04,100837088.7,112638215.6,91149020.19,121167786.5,141319282.8,153316324.9,161198193.1,156721304.9,133490102.9,122363525.7,135588861.7,151889987.2,152127690.3,143784707.9,,,
East Asia & Pacific,Austria,Export,1732452.27,2109784.79,2462459.41,2543836.71,2731369.27,2782373.41,2820863.57,2475696.52,2424763.97,2357643.35,2378982.34,2578406.54,2368410.47,2658947.77,3314184.06,4033823.21,4305393.02,4678096.5,5178035.46,5177213.93,3931547.21,5125904.88,6143735.65,6155017.03,6906632.02,7816324.2,7975466.24,7956651.06,9633995.19,11006668.61,10056092.57,10049133.8,,,
East Asia & Pacific,"Korea, Dem. Rep.",Export,299978.96,284781.2,320884.6,823129.74,961324.4,698812.23,897440.84,874101.33,803105.39,608316.5,627682.01,980797.67,1916210.07,894781.49,1025268.06,1236869.17,1458884.17,1580815.32,1679567.94,2241388.56,2023944.72,2395858.81,3280593.5,3691684.06,3845738.31,3735241.83,3113919.77,2935604.64,3253381.68,2221327.39,2580241.28,493774.95,,,
East Asia & Pacific,Vietnam,Export,303979.11,296754.98,652202.61,1730289.29,3663288.94,4622904.43,6602169.67,7479970.98,7798498.49,7373096.59,7551954.66,9959292.17,10065215.61,11865652.56,14888883.2,20051713.44,23574487.96,30264760.44,41913243.34,53865402.9,50510329.45,66614143.05,85426348.78,94141511.89,117936036.1,137842370.8,149031236.9,150445892.6,184734188.4,204333575.2,218956387,234388935.6,,,
Europe & Central Asia,Germany,Import,50261658.13,61934292.08,55867243.1,112463677.1,125409721,247650489.8,312295913.5,319196868.1,315150855.5,336944155.9,365675725.6,376075611.8,382984966.4,418222886.7,515641585.1,628634472,670194800.4,764496023.3,924506969.1,1007926021,744925092,810527916.4,949783947.1,873079976.2,899493078.7,916742703.3,798864314.6,813467282.3,887937586.8,963707611.3,903567532.8,867875352.7,,,
Europe & Central Asia,United States,Import,37708199.44,42971359.62,44740259.74,64985294.97,84001931.52,124400271.4,146420618.7,158391075.2,176661236.4,185519396.8,191534598.8,224263971.3,212917189.3,199060780.8,211728178,239024177.3,250421114.2,289030422,328320055.9,377551884.8,301503233,305958396.4,348238821,360450357.8,355118652.3,361152157,339690005.5,346364795.1,367934933.6,396171257.1,406288098.6,363627783.8,,,
Europe & Central Asia,Japan,Import,28531875.88,33845264.48,36019132.52,47179358.07,55983830.81,71686420.3,80132612.2,77261899.26,79923327.52,86295038.71,92887461.38,103917498.7,89727442.91,87219252.54,105428697,125387136,128710220.4,136659506.5,156617434.4,174129210.4,121040099.2,131685747.8,148030463.8,130366501.3,117182685.4,113717763.6,96909963.71,107647557.4,117622867.9,124096705.9,121876380.7,103723171.3,,,
Europe & Central Asia,"Korea, Rep.",Import,3864923.84,4667254.86,5510732.09,6886722.12,8778562.6,12263257.82,16952596.21,18402563.7,20149053.57,23307044.43,24743216.98,30661467.56,25392686.65,27621717.59,35739481.08,49300678.14,58733035.16,72033288.92,78327839.37,85206278.36,61886799.35,74184732.59,80373718.76,76946236.49,76791926.17,78806489.35,66819240.43,66017813.8,85229353.34,85518403.01,85005525.89,82157770.71,,,
Europe & Central Asia,China,Import,4870869.26,7032142.29,9788151.2,13157623.81,17331735.11,28843669.31,34171944.57,39040419.03,43680087.47,48654094.31,57073554.01,79101280.39,85267480.91,100525513.2,138639322.3,190922354.8,244571385.4,306864508.8,406965066.2,484173192.4,394025656.7,497610429.3,553189529.6,523231311.8,534018979.1,566528511.6,518128829.7,527195717.6,579403879.2,628925112.1,639638382.7,669413136,,,
Europe & Central Asia,Australia,Import,1927793.64,1994386.35,1869279.72,2703392.88,3713018.38,5948950.97,6643195.53,7177611.57,7693549.52,8215125.96,7750798.83,11914387.42,10055824.85,10210910.26,12588163.95,13182402.69,13937405.29,18686300.24,22656934.35,24997120.73,16648033.82,18801723.45,23438246.27,21194683.23,16287258.88,14188769.48,12403771.26,16798444.51,19408349.73,17120306.75,24359669.84,20984839.05,,,
Europe & Central Asia,Singapore,Import,1839810.17,2709013.03,2793186.03,4343549.52,7414685.57,11220004.26,13252969.63,15224912.17,16038479.94,16900836.59,15812219.79,17783393.03,15540817.04,15431255.5,19133492.65,24274455.54,25857351.88,27531198.34,29078391.63,27945448.07,25825722.81,26473694.64,27823385.94,30371497.14,25271689.3,24948045.62,21530017.44,25889062.47,29118310.46,30235034.45,28589156.54,28113834.7,,,
Europe & Central Asia,Thailand,Import,1739882.02,2257407.9,2811983.5,4299523.69,5438632.24,7919393.84,9059560.53,10146645.6,10451191.18,11103000.24,12514443.56,14509718.23,14270901.98,13947452.91,16802987.72,19971240.69,20740824.87,24140489.9,30347716.5,35774995.12,29081133.42,30563972.81,33784638.27,33988321.16,31754634.34,34174938.67,30172723.04,33655403,36441757.39,36138963.88,38243769.52,36857878.22,,,
Europe & Central Asia,Malaysia,Import,1662076.18,2008855.51,2566220.67,3812571.41,6169676.6,8664327.57,11328183.72,13005529.89,13374321.35,13733139.52,13996146.4,17881851.73,17523461.83,17761674.62,20625154.7,23225950.24,24031734.39,27729516.98,31575541.34,34356296.61,26266831.12,31236991.01,35245387.93,31099198.6,31384466.96,33731934.39,31548147.85,32025661.4,37676845.09,39195713.52,38743968.67,39020908.99,,,
Europe & Central Asia,Vietnam,Import,45608.76,60885.28,122981.73,311569.77,505105.28,1126214.13,1467912.07,1999883.06,2746298.82,3191623.96,3989398.44,4635003.49,4908669.08,5298578.27,6383625.9,7968496.93,8684509.38,10917426.37,14056731.31,17732671.07,17766664.93,20056236.61,25366776.93,30815193.71,37484355.99,39858401.99,43446250.52,48500206.05,55852777.66,60524950.22,61942070.34,60518341.42,,,
Europe & Central Asia,United States,Export,38512144.05,43188968.53,37946806.14,53634868.88,77779032.65,124959174.4,139131498.1,154947622.4,169707355.5,188865702,209885198.5,240980107.9,239884673.7,258089773,285638212.7,325137450.7,347573543.5,381026498,400644383.5,425425407.1,328246950.5,361799033.9,420655082.1,425330942.7,431611117.1,460123073.7,453552625.5,453060383,479899768.5,538918267.9,563511634.1,548175953.8,,,
Europe & Central Asia,Germany,Export,29799619.26,39304807.6,42404226.88,101279820,119770381.5,239305333.8,301242233.2,306929782.7,301455665.1,313904975.1,340029783,360338064.8,365271141.2,375468059.5,451923057.5,537305438.4,574063670.9,658914224.2,748388249.7,853784337.6,661275391.6,706959229,844254256.7,807132863.4,836349650.3,863655650.8,732329948.4,744543891.8,816170991.1,915458040.8,871684501.1,830492968.7,,,
Europe & Central Asia,Japan,Export,13246820.44,16631638.24,15365222.66,17720350.59,22239685.14,36062969.41,44787198.35,50766635.19,45873370.22,39634312.45,43547033.87,49206184.59,47191668.79,47247943.4,53830278.53,63362784.19,64431672.29,67803442.03,75152425.6,82536195.84,65979645.29,77310246.24,91382513.71,95009761.69,98271314.15,98513808.66,84451629.66,82270563.07,87815009.59,99227098.42,97240701.9,86018949.86,,,
Europe & Central Asia,China,Export,3690584.92,3505854.24,3600875.42,6060898.26,11162958.07,16870957.51,19854969.89,24825290.3,24185228.38,23662942.61,26335625.98,31339293.96,35847742.37,44285332.82,61005688.16,76966439.77,84245779.44,106543646.8,127689421.3,155341934.1,148900824.2,193147531.4,257200013.9,252865200.2,274667759.5,290811700.6,248019271,253307058.3,299998826.3,349183839.4,349137001.2,339715663.9,,,
Europe & Central Asia,Australia,Export,3681449.99,3505918.38,3031133.67,4950862.95,7202993.27,11325885.28,13842494.1,14413977.31,14926265.36,14461807.77,15135951.76,15506541.25,14821217.2,16835356.88,20858506.2,25923568.16,27646089.99,29317224.05,35199787.06,42385648.89,33439992.75,37645530.5,46043118.88,46795636.09,45870062.83,42220953.32,37538327.13,38387991.4,41420495,45192510.14,42663328.03,40892853.53,,,
Europe & Central Asia,"Korea, Rep.",Export,2991695.91,3974410.37,4647781.62,5099360.78,6809479.98,13206725.86,16746137.48,20388572.44,17721402.13,10218490.23,13135772.72,18180792.07,16548716.03,19580688.02,21659601.54,26697764.44,30088142.56,34336045.27,44124604.78,51232388.26,41185802.37,52602134.76,63935627.88,70776131.02,74284889.86,82453338.71,72309587.32,64317091.39,74638326.24,85148126.73,77782080.85,75009848.92,,,
Europe & Central Asia,Singapore,Export,2423432.64,3189332.67,2972310.24,4237174.93,7385156.15,12229362.28,15492381.01,17331941.29,16603887.28,12926858.05,14119492.58,16213157.44,15335246.97,15362554.85,17830227.78,21716873.63,24363926.95,28528913.09,32577535.92,39444654.82,33887816.94,39285712.38,45139913.9,48802448.44,54549777.21,54177457.2,44741436.32,44489509.16,50594817.48,54244602.77,48595484.61,41345089.87,,,
Europe & Central Asia,Thailand,Export,1498390.37,2223773.04,2655569.17,3306901.24,4926754.75,8087224.14,11185761.66,11415414.68,9458276.93,5789041.79,5406923.06,6957517.59,8002153.01,7701556.07,8425810.95,10387667.06,11764551.07,11217705.12,12610979.76,18315239.96,13686111.26,17333865.29,20700511.75,27615365.49,31051717.7,22647555.73,18826507.67,18482701.66,21686924.83,23110070.86,20481059.41,17415785.59,,,
Europe & Central Asia,Malaysia,Export,963516.97,1396317.54,1770934.49,2255320,3755802.68,7048822.7,10386236.26,9839607.96,10405731.94,6126240.28,7188659.39,8773005.08,9276652.91,8881885.64,10649232.49,11562913.04,12312891.38,13860846.48,16762860.42,18654684.79,15056323.16,16913587.76,19003812.61,20996939.36,22327632.81,23257484.9,18058855.27,17807523.21,20115548.68,21100190.54,19872205.65,16863629.83,,,
Europe & Central Asia,Vietnam,Export,37099.21,43147.12,89599.15,105437.24,307264.31,813011.28,1019584.59,1845209.7,1736840.75,1522150.64,1435631.72,1537953.65,1872641.66,2521274.59,3270105.08,4379246.94,4119204.24,4816995.39,6640644.38,7876679.74,7457218.02,8131440.96,9066386.81,9129721.75,11679856.77,9919153.43,11126220.8,13300601.48,15516381.4,17078555.62,15811824.21,13611920.18,,,
Middle East & North Africa ,Japan,Export,1361256.7,9619.55,484187.66,2484213.19,2064635.09,7545453.73,9574420.28,8679589.87,6050110.27,2506568.47,16266065.44,11317551.49,14612445.42,21749194.11,27982694.33,34917644.18,60137099.54,69610411.7,62534278.11,65634117.25,20568633.14,27562349.51,36895084.01,41044270.3,46396451.4,40904349.3,19397753.93,15091152.94,16460425.99,18662046.72,18015002.51,11571666.55,,,
Middle East & North Africa ,"Korea, Rep.",Export,1132410.5,16075.92,52540.27,1598101.87,1272401.26,1059443.29,1672050.51,741315.68,1608835.49,1314067.85,1812710.65,4426528.7,5025917.58,4622364.93,3659237.54,5399985.57,7565500.63,10895322.2,12684155.32,21820172.49,12871774.38,18954309.64,28006571.44,28052190.98,32394490.95,30421351.5,16979427.32,15221543.44,20139630.92,20669467.76,14781879.41,9739760,,,
Middle East & North Africa ,Singapore,Export,205236.91,12908.47,146888.48,523752.21,623722.66,479852.14,919832.82,754691.23,782757.84,891104.03,1085051,2423230.57,2500373.99,2801035.39,2785862.56,3949648,4903390.54,6115838.2,7962476.99,11393011.55,7394500.78,11956413.6,16488884.17,14735056.93,15195488.11,16168277.69,10266505.5,10193480.7,13611365.28,15006824.42,13292717.51,9422050.34,,,
Middle East & North Africa ,United States,Export,109448.55,16768.37,11384888.75,12948495.33,9781014.77,9508265.21,16444299.31,18423846.42,10524636.8,11443258.03,22682408.98,18623324.82,17495511.07,18467352.87,21610079.94,27264531.71,32128273.64,39477690.18,45364866.74,48985787.78,33823142.51,41227441.97,43762792.85,39504690.6,32637824.59,32951450.72,30967462.42,33898180.62,37545722.01,33932573.89,31726656.61,27121997.44,,,
Middle East & North Africa ,Thailand,Export,45578.69,1013.36,140677.31,446409.62,422290.91,586056.46,914731.96,493494.1,1673975.09,1373667.31,1644659.89,1906330.68,2083924.77,2474007.17,1229293.14,4519286.94,4958370.51,5768113.4,7055452.48,8405130.43,5816228.43,6457202.04,8593278.07,6554777.45,7270008.96,6383612.3,4898211.02,4764899.21,5726638.72,6627271.63,5568803.06,3544902.61,,,
Middle East & North Africa ,Germany,Export,2500.44,3069.28,619729.06,1222604.49,1387809.29,2596707.94,3515514.14,3651051.5,3319440.79,3431078.95,4090106.08,4461972.46,3841510.93,4139538.93,3703531.16,4081053.38,5595484.7,4988824.81,8736577.57,11173972.05,7867118.26,8524486.53,7319161.66,6242248.83,6726212.53,7321492.94,6199454.67,6518149.13,7786160.38,9162350.05,8300436.36,5545317.79,,,
Middle East & North Africa ,China,Export,1951.19,8.84,271637.26,515073.77,537224.59,587813.42,927007.07,227162.56,1537132.19,906056.74,1164686.59,4186505.02,2869088.5,3104447.72,2409575.42,8713431.88,10858931.22,11991699.91,14244838.85,22159663.71,17730337.42,30208941.58,40259271.24,26425292.49,36497009.14,38300129.79,27726355.7,28961536.28,35978324.07,47093049.15,35164759.05,30803595.5,,,
Middle East & North Africa ,Malaysia,Export,55.34,71.71,25622.8,81559.18,68346.02,75896.28,103799.11,160371.29,196342.86,173740.55,191567.84,1208741.78,1232886.61,756816.1,811447.22,492577.77,476508.67,1268090.81,1011012.83,1723589.4,752036.71,2784906.94,3960410.58,3691129.25,4639876.99,5197703.79,4635978.82,3798007.17,3502710.68,4797034.58,3127376.26,3315976.71,,,
Middle East & North Africa ,Austria,Export,38.09,0.88,3976.52,212594.24,91055.91,196052.39,226560.44,268809.37,309731.57,193826.27,166356.99,158652.15,136715.74,135011.29,157022.03,212826.03,178722.54,215356.74,234304.02,423216.03,254900.75,608065.81,438808.38,419604.96,447345.56,528268.63,485324.75,469182.74,508613.85,662473.57,531584.36,382661.55,,,
Middle East & North Africa ,Vietnam,Export,NaN,NaN,130861.22,7310.64,3137.24,21297.1,43865.81,29112.21,6837.59,38967.74,29941.17,82623.78,103114.85,104500.7,134123.87,133426.51,187378.13,316991.84,286026.55,531520.67,662682.84,913680.19,1518420.74,1880325.42,2118305.16,2343539.79,3304081.08,3123693.84,2026032.96,2113987,1999706.5,1905574.49,,,
Middle East & North Africa ,Japan,Import,354432.32,455345.7,5363363.19,6777605.95,5721452.14,4640079.27,5239370.8,4826043.67,4494565.01,7153308.15,9323099.23,11089131.09,11787570.51,12650709.2,14738429.58,17177533.68,18558909.07,23040870.11,29603201.9,39613305.6,25145238.6,33027782.83,29758543.76,33881464.78,32980347.32,33750674.79,33661274.09,30194732.37,29523074.42,29795565.38,27975528.77,22023099.9,,,
Middle East & North Africa ,United States,Import,190824.56,250796.67,6876364.93,9555438.27,9030886.43,9725670.7,16691398.88,17057964.3,10634221.9,17506889.84,19788859.45,21294891.68,22225736.6,22018069.19,21040906.76,25836254.19,28053435.82,33577624.03,45292620.81,58242477.76,46666936.59,54390301.32,61708666.23,73103958.65,72992743.06,76164578.57,74548643.01,70408802.1,73223668.13,74685347.98,73277438.36,55122480.02,,,
Middle East & North Africa ,Germany,Import,124017.7,130050.71,3447679.94,4700067.04,4213072.21,5544260.77,9150234.78,8546775.47,9230282.21,11322676.13,12812569.39,13930317.79,16000161.6,18129095.61,19568798.44,23854184.94,25876105.57,25570728.43,32945445.15,41048980.7,33868503.17,43413087.74,41668806.08,44085763.94,48935924.14,53241319.15,51409078.01,50454505.79,52336798.09,41985677.7,37509113.29,31526248.41,,,
Middle East & North Africa ,Singapore,Import,31566.5,50744.37,377104.6,398302.7,390946.84,311562.69,713373.05,580219.92,553147.03,876572.67,1217424.36,1757191.57,1715271.81,1654379.21,1918020.57,2407627.84,2877074.77,3147108.46,3809630.29,4155421.68,3301142.65,5412451.15,4908369.73,4999699.26,6695326.81,5926314.59,5454173.22,5295024.08,6240903.17,5728665.23,5812147.97,4845147.29,,,
Middle East & North Africa ,"Korea, Rep.",Import,26735.68,25722.6,1031774.07,1177615.88,1104033.98,1011874.41,1877924.16,1701857.32,1597445.64,3169835.43,3862648.28,5371879.56,6413844.84,6681150.12,8334000.73,9222040.47,9784995.01,9948276.74,14316139.12,19085944.61,16920123.11,24122924.8,27093742.14,27764825.31,27376792.78,31902737.51,28636188.08,24715388.68,25742313.04,19719556.68,14535358.14,12984002.29,,,
Middle East & North Africa ,Malaysia,Import,20587.79,25273.96,365684.63,444827.82,520457.4,496689.11,724078.4,617095.33,641460.41,820836.83,1172974.15,1367220.41,1707923.49,1892035.95,2444949.31,3083335.41,3632566.11,4250967.81,5209347.67,7579132.34,6009349.18,7856790.46,8326586.58,9245957.63,7515671.88,7697063.41,6625901.5,6047101.48,7009556.27,6662555.08,5980030.2,4588061.29,,,
Middle East & North Africa ,Thailand,Import,15382.41,17360.13,388420.51,415776.31,386288.52,302290.59,549209.41,606560.34,606007.57,903214.45,1538479.8,1711738.91,1927486.73,2023922.69,2338015.42,3044043.46,3574235.92,4407354.59,5974176.9,8504413.79,7079527.8,8922857.1,9009802.54,10710039.37,11247504.36,11957562.41,11664814.07,9897163.66,10020624.62,9506607.85,9416220.74,7796149.53,,,
Middle East & North Africa ,China,Import,10706.13,11093.62,838452.93,1155101.4,1218598.29,1150915.05,1822042.75,1781493.56,1723724.24,3368327.93,5256002.31,6739594.17,8266431.07,10574412.74,13671301.72,19177168.1,22962212.05,30406692.48,40756900.97,59994877.62,47985180.45,64723468.2,69861396.16,83980963.4,86992753.96,113104378.3,106322955.3,100532720.3,140919159.6,119757379.7,115966073.4,102711469.7,,,
Middle East & North Africa ,Austria,Import,7401.71,7447.98,244602.05,467445.41,413918.51,596850.3,709448.47,616057.64,697851.27,894350.01,1032346.78,962854.63,1052337.58,1119641.51,1489472.37,1947488.76,2243929.04,2055756.86,2850868.22,3589901.08,2936136.05,3905410.29,3960265.29,3622019.01,4033190.73,4552914.62,4810966.37,3852681.82,42306861.2,4295099.35,3476456.56,3179812.1,,,
Middle East & North Africa ,Vietnam,Import,NaN,NaN,1201.22,18569.59,18109.15,59362.67,69723.89,49254.02,87926.72,78375.43,123748.74,113529.88,104092.8,128265.57,167561.87,221074.54,329624.48,417658.11,618770.74,1071873.15,1003473.44,1118456.28,1601642.09,6154723.8,5050848.69,6886237.72,8130898.46,7325968.75,14537598.82,12731993.24,12347656.78,9371516.3,,,
North America,United States,Import,74532782.08,75233697.79,75265212.42,79822733.31,88041701.38,100226302,110261027.4,114535727.1,133547617.5,137306128.4,144425238.5,154497368.4,140999710.4,139278667.4,145755350.5,160827006.7,178395769.9,192942436.3,207257607,214861874.7,164951309.1,198242763.7,223797589.4,234676892.5,241298818.2,252504365,223783972.8,210601541.4,223289538.9,235864280.6,230854904.5,198360114.3,,,
North America,Japan,Import,8063961.09,8154769.41,104661655.6,109125607.4,118702259.2,130788709.4,136034621.8,125620932.1,133350673.4,134527177.7,144992480.3,157655638.9,135930351.5,134400812.7,131121541.3,143951796.4,154097671.8,165783421.6,163884023,157769062.2,109269968.4,136824737.7,145758369.3,161474746,151920834,149554204,146592924.4,146998841.6,153244097.9,158915088.7,159403957.4,132585852.3,,,
North America,Germany,Import,3156421.12,3302260.74,30147566.34,32519143.68,32176971.78,35904901.89,41542088.38,43528078.85,48100078.62,55409342.21,61282117.63,63745074.12,64242238.25,69192043.12,75863924.18,86396315.23,95359129.23,101076495.2,107396353.3,111745491.5,82162234.97,95097143.65,113604292.7,123535650.3,129303323.2,139975689.6,140744194.7,129261611.9,133829968.9,143088838.2,144437867,130284710.5,,,
North America,"Korea, Rep.",Import,2061199.74,1929183.1,19577511.68,19025539.07,19480642.43,22211027.46,27227312.54,25299333.5,25846954.08,27040796.93,34880709.38,43781451.03,38155761.91,40007560.12,42270684.74,52306838.26,49964327.68,52721274.52,54340924.96,55491523.42,45768549.23,56583917.38,65283588.62,65282281.27,69563152.27,78304527.7,80504033.82,79896051.76,80051764.12,83499736.09,87118453.06,85457575.19,,,
North America,China,Import,998343.42,1192272.51,21893483.78,29476624.26,36066200.06,44172344.58,51887106.57,58014065.66,70390703.6,80257327.62,93779136,107607013.7,110485894,143712361.7,176602498.6,229049181.9,284207428.7,336226893.9,375935997.5,396464263.3,344407968.2,426214302.9,466001886.4,476331531.6,491572982.7,539378357.8,555421385.4,529910279,580444501.8,621554875.3,529031208.8,514246260.9,,,
North America,Australia,Import,521185.66,656521.09,4851281.02,4571802.75,4339341.12,4245663.36,4495678.4,5064489.86,5749812.16,6561987.84,6402833.79,7468368.42,7519573.47,7913787.96,7882573.78,9318801.31,9102933.52,9948142.04,10621218.42,12477410.05,9651089.07,10368099.64,12150090.87,11440015.9,10642877.67,12066391.74,12279188.37,11068931.64,11630769.82,11829225.99,12775749.63,16083345.04,,,
North America,Singapore,Import,424261.89,472767.94,10710207.68,12093935.71,13666461.25,16501313.09,19852411.29,21523079.17,21216174.75,19450459.58,19386483.01,20119342.36,15734277.39,15733709.19,16213613.88,16410598.14,16183162.38,18939245.18,20087703.91,17345586.71,16865999.45,18800801.66,20939935.03,21658032.86,19103543.33,17696187.01,19267226.89,18804588.06,20394944.96,27860960.95,27600882.38,32021069.21,,,
North America,Thailand,Import,354552.58,347868.93,6883557.76,8404683.17,9573195.46,11456320.96,12593440.31,12564918.59,13906588.33,14829402.3,16170809.34,17509861.55,15819998.07,16808644.02,17437833.96,20197715.66,22669518.04,25672311.36,25941549.45,26940606.41,21886530.44,25965365.58,28455612.28,28702606.3,28730915.25,30621458.97,32066226.05,32844814.58,34767892.34,35780526.88,37601714.9,41858635.46,,,
North America,Malaysia,Import,270333.09,325789.7,6726840.54,9089984.93,11597062.34,15308845.57,19110291.54,19489106.43,19960589.57,20866029.7,23475011.84,27241745.26,23567397.84,26019945.76,27822463.55,31070552.98,36813586.28,40116364.31,36427591.81,34326991.81,25924715.98,28849785.07,28653030.81,28166667.02,29406834.69,33301860.4,36784133.73,39265452.25,40248351.24,42433880.51,43643104.1,47608855.51,,,
North America,Vietnam,Import,12652.11,13483.89,11318.95,13671.98,20805.46,79829.84,265457.94,413473.56,520608.54,718579.49,785815.05,963521.45,1205987.7,2765893.87,5150299.76,6072699.04,7668723.49,9841277.33,12134496.49,14752293.61,13965270.29,17028597.36,19803817.02,21887497.03,26735071.4,34573201.51,42894845.78,47489143.03,52341031.02,55440239.19,74655035.93,89306079.25,,,
North America,United States,Export,85338095.62,95219064.83,95501385.73,104064376.8,116696391.7,135932265.4,151431554.6,161108656.1,176882024.5,181853782,205020266.5,241728902.4,227244274.6,220072350.6,233380458.1,267804199.9,302195424.3,316556507.5,331601972.1,353782674.8,236480911.5,289418958.6,331755015.9,338265373.1,346041487.9,364968817.3,313551811.4,296447885.7,318579792.2,337480783,335698020.6,284495527,,,
North America,Japan,Export,7426362.88,7038115.84,54351000.06,53952985.6,54487806.46,60535465.47,73035676.67,75736803.84,73721271.3,63690054.14,63131326.98,71032937.09,62838098.57,56775958.26,57857617.36,60155644.51,62257445.63,67953701.83,71266750.6,77038203.72,58477915.77,69401655.69,76568021.99,80322573.3,75538797.15,76551065.47,70085770.69,71330412.25,76703347.24,85226860.7,84158719.3,73334300.76,,,
North America,Germany,Export,1664212.22,1990756.99,23405173.76,23124521.22,20871140.99,20896131.2,24787108.56,25917203.46,26433818.75,28463542.02,28411622.53,31567409.08,31887770.43,28512345.91,30911536.54,33476882.97,36850593.25,44800148.64,53198360.15,58892694.68,46471359.88,51671527.43,52798695.44,51773015.26,50051396.13,51715474.03,52346573.18,52329151.21,56656004.76,60960633.24,64373211.34,61655662.74,,,
North America,"Korea, Rep.",Export,1353760.38,1339916.67,17152792.19,15807638.78,16104611.71,19636551.94,27407571.97,28649169.54,27258012.16,17762839.04,24285460.48,29350839.46,23483893.43,23861114.55,25501419.79,27933974.58,29905819.82,35352714.05,37508409.4,38428775.66,31740081.55,42424027.23,48610070.93,46000519.26,45085415.05,48247637.64,46589747.29,45564743.39,52435419.19,61031582.89,61072388.77,54722269.04,,,
North America,China,Export,967149.63,1418021.89,7894886.4,9338699.14,10067440.26,10968430.34,14273531.39,14189178.11,14542643.2,15940247.81,14906168.96,18629401.06,21937161.13,24761279.01,31804117.85,39636792.34,47152440.63,62103594.92,74111230.06,81337865.82,79372902.91,104765391,121105998.8,129899726.4,141621095.5,141123407,131855401.2,131419857.1,147983454.4,141524583.2,124172931.9,143509688.1,,,
North America,Australia,Export,929563.07,773661.44,8995944.45,9492748.03,8896601.66,10475127.36,11679550.59,12737115.52,12752906.05,12583042.43,12457043.01,13279632.63,11627631.81,13830145.67,14128256.66,15170413.04,16942758.27,19405033.93,20834227.02,24449546.19,21154927.3,23506207.13,29539354.55,33185790.41,27714431.07,28085297.25,26501243.79,23605521.9,26052483.92,26889809.58,27724343.29,25066269.96,,,
North America,Thailand,Export,291722.02,431107.81,4065114.59,4257076.06,4054980.8,5160725.22,6824164.99,7632026.72,7693777.28,5436363.66,5186606.62,6866834.07,6275306.95,5198204.29,6163967.03,6765823.03,7655559.68,8630259.24,8993573.54,9739182.86,7418890.91,9609695.02,11777217.71,11605656.37,12528061.85,12457466.59,11926304.49,11180864.36,11585535.04,13050298.69,13972352.39,11770957.47,,,
North America,Singapore,Export,218990.18,347343.55,9128179.1,9896906.85,11934429.54,13298265.44,15682627.97,17105397.95,18122767.52,15959357.92,16494327.74,18053581.4,17906774.1,16584916.67,16877649.04,19983542.25,20995203.14,25337409.67,27136497.73,29586645.8,23230739.18,29819354.3,32073859.69,31396076.14,31554131.4,31379191.71,29605278.62,27784367.35,30617373.21,33655876.57,32665412.83,27974207.39,,,
North America,Malaysia,Export,187933.22,219040.67,4157967.1,4590368.75,6236793.57,7176586.91,9236144.19,8919730.46,11332376.54,9260176.48,9359451.87,11210885.21,9580267.44,10656784.01,11259877.06,11197618.94,10800909.71,13008550.82,12228531.2,13750708.8,11095966.45,14842661.02,15032669.13,13599129.29,13760991.31,13785508.2,12893674.83,12309177.81,13426012.98,13617058.83,13725135.92,13075272.66,,,
North America,Vietnam,Export,2361.63,6567.62,19620.3,16419.9,18552.57,191766.02,278283.58,652626.88,315431.03,310940.28,322751.34,401745.16,498156.55,625221.46,1385127.32,1190057.18,1361109.97,1286373.49,2172202.32,3090361.09,3300910.56,3962719.21,4653844.23,4993131.28,5451094.94,6166457.15,7601288.28,10496883.63,8944817.12,10509419.38,11632023.71,10539378.18,,,
South Asia,United States,Import,2956225.34,2947178.37,2283430.19,2702473.65,3017132.28,3247300.87,4122492.2,3867229.94,4036536.27,3971608.72,3822064.11,3419129.27,3847136.78,4409834.03,6435451.72,7856695.73,10482844.34,13919552.26,17727803.95,27529126.63,18652119.23,21597885.53,26049036.93,26513838.54,25373313.96,22840032.53,24214664.86,23152925.52,27927877.85,42050558.41,39077076.86,29696458.49,,,
South Asia,Japan,Import,2049657.47,2427457.5,2051154.05,2253897.52,2253644.44,2626464.5,2811756.72,2630493.46,2645615.57,3011059.25,3160375.86,3468178.87,2719922.97,3069271.06,4263362.12,5406196.16,6465619.36,7995317.53,8824778.79,11574105.71,9899136.02,12376035.07,15602849.57,17143740.19,14597652.2,12987344.53,14814599.07,13073494.38,14317583.81,17964532.27,15310196.49,11873534.11,,,
South Asia,Singapore,Import,618271.14,795570.67,651207.06,861250.41,911591.83,1018633.56,1374368.54,1387009.61,1567774.88,2142690.51,2252612.38,2772247.75,2513185.21,2496554.69,3747219.04,4362216.09,4974597.51,7422422.19,9205462.65,11878886.85,9596699.74,11716780.54,12869108.67,12527897.58,12409542.5,9876966.01,13969780.98,8714930.84,9759110.15,18136352.25,16842497.34,13508052.26,,,
South Asia,Australia,Import,615596.38,882072.8,668065.32,1057601.82,777160.52,1011383.55,1104452.69,1454507.78,1697333.32,1651974.09,1218393.06,1422596.47,1649183.46,1731522.84,2539985.36,4291607.39,5679412.82,7076586.55,8434346.63,10499003.49,13080641.01,13420246.02,14558218.85,14370096.84,12146559.73,10571281.84,10832049.5,9431965.72,15335967.5,18022725.12,11076143.21,7680025.37,,,
South Asia,Malaysia,Import,455968.39,701011.83,576831.55,629678.42,500395.65,676425.09,951168.87,1250121.98,1419846.21,1829699.25,2260941.28,1783534.34,1624322.43,1829335.13,3261968.29,3560491.35,4031759.23,6482808.36,7889496.01,10547027.54,8026880.93,10009694.46,14664021.97,14976362.07,13640734.75,13142348.38,12902412.27,10698541.57,11258502.03,14653816.26,12868215.87,9098104.06,,,
South Asia,China,Import,163326.72,305541.37,304419.08,513287.29,685126.06,966808.1,1283140.35,943531.05,1633111.74,1889231.78,1543491.86,2699306.73,2943916.45,3705828.11,6168903.71,9232403.51,15168992.28,21928121.44,32452831.37,42471027.18,39928510.31,54371787.84,69058085.26,71377428.37,69262166.63,73316086.84,88811532.54,81059517.88,94222876.8,108335435.4,88443012.39,74867121.64,,,
South Asia,Vietnam,Import,145209.48,74401.02,66627.76,104799.25,64479.23,46829.44,15461.24,2018.27,9902.28,19184.86,18678.97,41452.72,31235.68,40077.8,60800.95,110630.61,175453.04,231190.73,239138.93,528477.07,575133.81,1366204.04,2011322.07,2622106.44,3742847.77,3181483.16,3976382.57,3791080.24,5022195.08,9182817.52,8405699.36,6253377.32,,,
South Asia,Thailand,Import,108818.32,244965.97,182880.28,195939.39,211092.6,311010.18,264860.24,278960.61,370163.84,449037.07,511795.89,791170.57,866437.73,761783.99,1274356.61,1532545.09,2314561.39,2863641.2,3689029.34,4304358.74,4483744.31,7077959.29,15986393.04,7689591.41,7605600.59,7047198.35,8055160.9,6978809.25,8494185.76,11130114.34,8774992.59,6486646.7,,,
South Asia,Germany,Import,94594.01,214839.4,1765140.46,2084421.2,2021077.29,2391122.94,3280392.86,2970263.75,2734562.99,2357566.74,2014888.95,2161004.89,2236380.38,2621888.96,3772734.57,4648659.33,7283277.23,9046228.97,10535312.12,13870238.08,13113159.19,13673401.61,17309971.31,17130152.7,15742589.88,14248523.21,14166315.16,13053533.28,14346112.06,18415059.39,13809880.01,10856739.11,,,
South Asia,"Korea, Dem. Rep.",Import,20956.43,12971.65,10697.15,89807.17,19753.18,32720.12,38954.52,56180.56,114570.73,118280.59,17039.01,72780.45,28743.69,25064.91,10308.4,12678.21,26697.19,494313.13,187804.7,188475.92,35610.6,222077.56,62009.63,113137.23,133249.66,161516.59,154660.79,126443.26,74278.36,13222.35,5272.46,2700.11,,,
South Asia,United States,Export,3104940.9,3629064.64,3974001.54,5426113,5822639.55,7035486.38,6719405.82,7730268.1,8141856.14,9316403.1,10383821.94,13876764.43,12557487.02,14245402.1,17822044.99,20084836.22,25172035.89,28175612.88,29340927.25,30561571.94,27789675.94,33746574.64,44083941.72,48016749.69,53102066.22,49142956.4,53002899.8,48334594.05,52597579.13,55540704.88,61579811.32,56120665.66,,,
South Asia,Japan,Export,1747903.47,1842596.79,1813845.84,1787801.28,1948575.5,2261542.57,2322854.04,2161303.24,2029972.4,1788526.3,1854138.28,2154401.91,1830541.13,2026799.54,2140063.61,2271832.39,2885882.42,3254383.46,3714912.99,4119868.22,3733779.53,5485255.15,6582266.01,7466007.61,8479026.29,6206810.32,5899791.75,4216579.84,4936985.39,4966916.51,5312508.43,4412686.63,,,
South Asia,Singapore,Export,371445.26,490327.2,520827.04,770862.57,865160.64,892682.68,960345.07,1005651.2,839808.03,568215.16,715559.01,914668.54,1039095.37,1484917.99,1955894.77,3679607.1,5641794.58,6352632.73,6696981.04,9084015.84,7049015.78,9437876.72,16252942.79,13974720,14507562.82,10084052.12,8276759.75,7574117.79,11863688.47,10553957.52,11009746.45,8467039.59,,,
South Asia,Australia,Export,223219.02,220144.83,247974.67,290862.67,286207.23,389700.97,389600.91,405231.33,466070.31,421593.43,453207.61,483780.74,467903.04,564575.22,751585.63,874970.46,1045065.03,1100750.22,1324537.33,1626497.48,1732061.41,2067430.55,2688874.66,3368181.63,3235956.43,2931708.26,4269334.81,3368583.47,4310796.88,3985457.36,3389087.05,3889166.55,,,
South Asia,Thailand,Export,198620.55,267534.82,214298.38,311761.67,393167.06,448350.87,484643.13,469622.33,356557.64,348113.36,521229.57,652950.83,668869.5,790462.87,851709.18,993597.59,1242843.14,1529257.92,1880813.57,2255913.88,1919391.31,2344911.15,3031537.1,3769662.96,4509397.6,3663278.51,3344852.63,3158265.5,3882864.62,4675235.93,4742902.86,3958708.6,,,
South Asia,"Korea, Rep.",Export,166577.15,187218.93,256119.33,231149.29,238800.3,379227.98,472863.03,529341.38,479471.55,324711.88,510444.39,490406.44,507774.63,676280.67,920907.66,1229780.11,1787894.78,2581812.63,2781587.22,4122890.77,4135337.54,4100332.43,5199355.4,4661460.44,5233027.35,5251817.15,4252771.79,3787588.67,4908300.74,5104573.71,4982162,4777782.54,,,
South Asia,Malaysia,Export,111643.93,154736.44,231019.73,223543.41,258868.61,301030.92,399019.36,536704.57,500257.48,339772.63,455834.69,546534.31,803020.97,760026.42,904613.8,1142789.52,1238220.7,1432685.54,1997464.75,3252511.81,3766158.81,3837746.14,4193450.64,4170234.77,5848251.09,4923748.25,5266316.77,4385537.6,5733557.72,6710167.44,6560605.41,6487926.65,,,
South Asia,Germany,Export,69615.58,210538.62,1583405.42,1966572.68,1951694.35,2400515.41,2235219.49,2189578.92,2268078.99,2408504.21,2077924.32,2754382.19,2562421.07,2834244.67,4270635.53,4960913.1,5952767.9,6640989.95,7894624.39,9223932.88,9149151.23,10058183.39,13910140.4,12239113.46,13421579.02,9523001.7,13363277.4,8920254.24,10115523.21,10316597.64,10624409.04,9663783.35,,,
South Asia,China,Export,67175.64,37234.33,87027.96,177518.33,291931.58,271677.59,379245.66,639096.92,772603.54,476450.9,554138.49,753818.56,937785.72,1567705.3,2887913.4,4460258.07,7713171.7,9138425.3,10363599.77,10963597.31,11572920.07,19249935.8,18899883.05,17932418.88,19716775.16,15908251.36,12552922.19,10745396.68,14468335.15,18234764.7,19621418.73,21127309.42,,,
South Asia,Vietnam,Export,8712.28,21893.72,21385.24,21487.26,42098.76,62131.6,149635.59,119965.75,131839.79,132277.35,160729.47,212177.15,238091.27,319491.91,415949.13,582472.46,711165.59,942305.32,1333301.43,1915983.9,1965640.87,2679328.55,3782655.99,4029898.58,6337689.06,6871198.4,5764893.09,6302962.26,8507828.01,6988677.94,5808988.43,4679815.65,,,
,,,,,,,,,,,,,,,,,,,,,,,,,,,,,,,,,,,,,
,,,,,,,,,,,,,,,,,,,,,,,,,,,,,,,,,,,,,
,,,,,,,,,,,,,,,,,,,,,,,,,,,,,,,,,,,,,
,,,,,,,,,,,,,,,,,,,,,,,,,,,,,,,,,,,,,
,,,,,,,,,,,,,,,,,,,,,,,,,,,,,,,,,,,,,
,,,,,,,,,,,,,,,,,,,,,,,,,,,,,,,,,,,,,